{"epoch": 44, "time_epoch": 31.10664, "time_epoch_std": 0.0, "eta": 156.08059, "eta_std": 0.0, "eta_hours": 0.04336, "eta_hours_std": 0.0, "loss": 0.04767, "loss_std": 0.0, "lr": 0.00031, "lr_std": 0.0, "params": 43881.0, "params_std": 0.0, "time_iter": 0.12961, "time_iter_std": 0.0, "mae": 0.04767, "mae_std": 0.0, "r2": 0.82605, "r2_std": 0.0, "spearmanr": 0.84742, "spearmanr_std": 0.0, "mse": 0.17395, "mse_std": 0.0, "rmse": 0.41707, "rmse_std": 0.0}
