{"epoch": 0, "time_epoch": 34.11479, "eta": 1671.62481, "eta_hours": 0.46434, "loss": 0.166868, "lr": 0.01, "params": 43881, "time_iter": 0.14214, "mae": 0.16687, "r2": 0.17035, "spearmanr": 0.54439, "mse": 0.82965, "rmse": 0.91085}
{"epoch": 1, "time_epoch": 31.19113, "eta": 1567.34203, "eta_hours": 0.43537, "loss": 0.1140948, "lr": 0.01, "params": 43881, "time_iter": 0.12996, "mae": 0.11409, "r2": 0.41445, "spearmanr": 0.7009, "mse": 0.58555, "rmse": 0.76521}
{"epoch": 2, "time_epoch": 31.32117, "eta": 1513.82433, "eta_hours": 0.42051, "loss": 0.10190025, "lr": 0.01, "params": 43881, "time_iter": 0.1305, "mae": 0.1019, "r2": 0.48359, "spearmanr": 0.73152, "mse": 0.51641, "rmse": 0.71862}
{"epoch": 3, "time_epoch": 31.21861, "eta": 1470.22544, "eta_hours": 0.4084, "loss": 0.09708856, "lr": 0.01, "params": 43881, "time_iter": 0.13008, "mae": 0.09709, "r2": 0.5291, "spearmanr": 0.73798, "mse": 0.4709, "rmse": 0.68622}
{"epoch": 4, "time_epoch": 31.21803, "eta": 1431.57353, "eta_hours": 0.39766, "loss": 0.09251789, "lr": 0.01, "params": 43881, "time_iter": 0.13008, "mae": 0.09252, "r2": 0.56884, "spearmanr": 0.75425, "mse": 0.43116, "rmse": 0.65663}
{"epoch": 5, "time_epoch": 31.29611, "eta": 1395.97213, "eta_hours": 0.38777, "loss": 0.08550879, "lr": 0.01, "params": 43881, "time_iter": 0.1304, "mae": 0.08551, "r2": 0.60652, "spearmanr": 0.78332, "mse": 0.39348, "rmse": 0.62728}
{"epoch": 6, "time_epoch": 31.25226, "eta": 1361.33146, "eta_hours": 0.37815, "loss": 0.08263205, "lr": 0.01, "params": 43881, "time_iter": 0.13022, "mae": 0.08263, "r2": 0.6338, "spearmanr": 0.78321, "mse": 0.3662, "rmse": 0.60515}
{"epoch": 7, "time_epoch": 31.22324, "eta": 1327.38554, "eta_hours": 0.36872, "loss": 0.08137643, "lr": 0.01, "params": 43881, "time_iter": 0.1301, "mae": 0.08138, "r2": 0.64722, "spearmanr": 0.78317, "mse": 0.35278, "rmse": 0.59395}
{"epoch": 8, "time_epoch": 31.24304, "eta": 1294.13483, "eta_hours": 0.35948, "loss": 0.07721137, "lr": 0.01, "params": 43881, "time_iter": 0.13018, "mae": 0.07721, "r2": 0.6817, "spearmanr": 0.79131, "mse": 0.3183, "rmse": 0.56418}
{"epoch": 9, "time_epoch": 31.1442, "eta": 1260.8903, "eta_hours": 0.35025, "loss": 0.07588757, "lr": 0.01, "params": 43881, "time_iter": 0.12977, "mae": 0.07589, "r2": 0.69948, "spearmanr": 0.79126, "mse": 0.30052, "rmse": 0.54819}
{"epoch": 10, "time_epoch": 31.18, "eta": 1228.1546, "eta_hours": 0.34115, "loss": 0.07776491, "lr": 0.01, "params": 43881, "time_iter": 0.12992, "mae": 0.07776, "r2": 0.70586, "spearmanr": 0.7824, "mse": 0.29414, "rmse": 0.54235}
{"epoch": 11, "time_epoch": 31.0304, "eta": 1195.20443, "eta_hours": 0.332, "loss": 0.07513211, "lr": 0.01, "params": 43881, "time_iter": 0.12929, "mae": 0.07513, "r2": 0.72907, "spearmanr": 0.78261, "mse": 0.27093, "rmse": 0.52051}
{"epoch": 12, "time_epoch": 31.07009, "eta": 1162.66258, "eta_hours": 0.32296, "loss": 0.07142201, "lr": 0.01, "params": 43881, "time_iter": 0.12946, "mae": 0.07142, "r2": 0.74654, "spearmanr": 0.79341, "mse": 0.25346, "rmse": 0.50345}
{"epoch": 13, "time_epoch": 31.09618, "eta": 1130.39806, "eta_hours": 0.314, "loss": 0.06894045, "lr": 0.01, "params": 43881, "time_iter": 0.12957, "mae": 0.06894, "r2": 0.76272, "spearmanr": 0.79517, "mse": 0.23728, "rmse": 0.48712}
{"epoch": 14, "time_epoch": 31.16773, "eta": 1098.45627, "eta_hours": 0.30513, "loss": 0.06753136, "lr": 0.01, "params": 43881, "time_iter": 0.12987, "mae": 0.06753, "r2": 0.77223, "spearmanr": 0.79807, "mse": 0.22777, "rmse": 0.47725}
{"epoch": 15, "time_epoch": 31.12683, "eta": 1066.52432, "eta_hours": 0.29626, "loss": 0.07151125, "lr": 0.01, "params": 43881, "time_iter": 0.1297, "mae": 0.07151, "r2": 0.74625, "spearmanr": 0.78214, "mse": 0.25375, "rmse": 0.50374}
{"epoch": 16, "time_epoch": 31.05926, "eta": 1034.55594, "eta_hours": 0.28738, "loss": 0.0700826, "lr": 0.01, "params": 43881, "time_iter": 0.12941, "mae": 0.07008, "r2": 0.76268, "spearmanr": 0.78168, "mse": 0.23732, "rmse": 0.48716}
{"epoch": 17, "time_epoch": 31.18347, "eta": 1002.90939, "eta_hours": 0.27859, "loss": 0.07334114, "lr": 0.01, "params": 43881, "time_iter": 0.12993, "mae": 0.07334, "r2": 0.75288, "spearmanr": 0.76665, "mse": 0.24712, "rmse": 0.49712}
{"epoch": 18, "time_epoch": 31.13894, "eta": 971.23893, "eta_hours": 0.26979, "loss": 0.06368448, "lr": 0.01, "params": 43881, "time_iter": 0.12975, "mae": 0.06368, "r2": 0.78498, "spearmanr": 0.80184, "mse": 0.21502, "rmse": 0.46371}
{"epoch": 19, "time_epoch": 31.20851, "eta": 939.72597, "eta_hours": 0.26103, "loss": 0.05813035, "lr": 0.005, "params": 43881, "time_iter": 0.13004, "mae": 0.05813, "r2": 0.79684, "spearmanr": 0.82165, "mse": 0.20316, "rmse": 0.45073}
{"epoch": 20, "time_epoch": 31.13409, "eta": 908.13923, "eta_hours": 0.25226, "loss": 0.05690463, "lr": 0.005, "params": 43881, "time_iter": 0.12973, "mae": 0.0569, "r2": 0.80533, "spearmanr": 0.82341, "mse": 0.19467, "rmse": 0.44122}
{"epoch": 21, "time_epoch": 31.17156, "eta": 876.64135, "eta_hours": 0.24351, "loss": 0.0568271, "lr": 0.005, "params": 43881, "time_iter": 0.12988, "mae": 0.05683, "r2": 0.80115, "spearmanr": 0.82485, "mse": 0.19885, "rmse": 0.44593}
{"epoch": 22, "time_epoch": 31.25765, "eta": 845.2729, "eta_hours": 0.2348, "loss": 0.05666223, "lr": 0.005, "params": 43881, "time_iter": 0.13024, "mae": 0.05666, "r2": 0.8067, "spearmanr": 0.82378, "mse": 0.1933, "rmse": 0.43966}
{"epoch": 23, "time_epoch": 31.04291, "eta": 813.68105, "eta_hours": 0.22602, "loss": 0.05628997, "lr": 0.005, "params": 43881, "time_iter": 0.12935, "mae": 0.05629, "r2": 0.80836, "spearmanr": 0.82532, "mse": 0.19164, "rmse": 0.43776}
{"epoch": 24, "time_epoch": 31.06928, "eta": 782.15948, "eta_hours": 0.21727, "loss": 0.05382381, "lr": 0.0025, "params": 43881, "time_iter": 0.12946, "mae": 0.05382, "r2": 0.81503, "spearmanr": 0.8298, "mse": 0.18497, "rmse": 0.43008}
{"epoch": 25, "time_epoch": 31.13099, "eta": 750.72966, "eta_hours": 0.20854, "loss": 0.05314475, "lr": 0.0025, "params": 43881, "time_iter": 0.12971, "mae": 0.05314, "r2": 0.81571, "spearmanr": 0.83371, "mse": 0.18429, "rmse": 0.4293}
{"epoch": 26, "time_epoch": 31.03681, "eta": 719.24176, "eta_hours": 0.19979, "loss": 0.05237481, "lr": 0.0025, "params": 43881, "time_iter": 0.12932, "mae": 0.05237, "r2": 0.81971, "spearmanr": 0.83577, "mse": 0.18029, "rmse": 0.4246}
{"epoch": 27, "time_epoch": 31.11841, "eta": 687.85018, "eta_hours": 0.19107, "loss": 0.05213887, "lr": 0.0025, "params": 43881, "time_iter": 0.12966, "mae": 0.05214, "r2": 0.81848, "spearmanr": 0.83634, "mse": 0.18152, "rmse": 0.42605}
{"epoch": 28, "time_epoch": 31.1493, "eta": 656.49982, "eta_hours": 0.18236, "loss": 0.05229203, "lr": 0.0025, "params": 43881, "time_iter": 0.12979, "mae": 0.05229, "r2": 0.81649, "spearmanr": 0.83567, "mse": 0.18351, "rmse": 0.42838}
{"epoch": 29, "time_epoch": 31.17328, "eta": 625.17885, "eta_hours": 0.17366, "loss": 0.05297755, "lr": 0.0025, "params": 43881, "time_iter": 0.12989, "mae": 0.05298, "r2": 0.81347, "spearmanr": 0.83248, "mse": 0.18653, "rmse": 0.4319}
{"epoch": 30, "time_epoch": 31.11506, "eta": 593.83171, "eta_hours": 0.16495, "loss": 0.0523357, "lr": 0.0025, "params": 43881, "time_iter": 0.12965, "mae": 0.05234, "r2": 0.81745, "spearmanr": 0.83551, "mse": 0.18255, "rmse": 0.42725}
{"epoch": 31, "time_epoch": 31.18033, "eta": 562.53581, "eta_hours": 0.15626, "loss": 0.05178509, "lr": 0.0025, "params": 43881, "time_iter": 0.12992, "mae": 0.05179, "r2": 0.81764, "spearmanr": 0.83731, "mse": 0.18236, "rmse": 0.42704}
{"epoch": 32, "time_epoch": 31.15885, "eta": 531.23584, "eta_hours": 0.14757, "loss": 0.05137706, "lr": 0.0025, "params": 43881, "time_iter": 0.12983, "mae": 0.05138, "r2": 0.81786, "spearmanr": 0.83808, "mse": 0.18214, "rmse": 0.42677}
{"epoch": 33, "time_epoch": 31.13414, "eta": 499.93254, "eta_hours": 0.13887, "loss": 0.05129947, "lr": 0.0025, "params": 43881, "time_iter": 0.12973, "mae": 0.0513, "r2": 0.82009, "spearmanr": 0.83784, "mse": 0.17991, "rmse": 0.42416}
{"epoch": 34,