{"epoch": 0, "time_epoch": 81.86711, "eta": 4011.48843, "eta_hours": 1.1143, "loss": 0.31250935, "lr": 0.01, "params": 316601, "time_iter": 0.34111, "accuracy": 0.87692, "precision": 0.89102, "recall": 0.96143, "f1": 0.92488, "auc": 0.89526}
{"epoch": 1, "time_epoch": 78.37229, "eta": 3845.74568, "eta_hours": 1.06826, "loss": 0.21619203, "lr": 0.01, "params": 316601, "time_iter": 0.32655, "accuracy": 0.91442, "precision": 0.93162, "recall": 0.96202, "f1": 0.94657, "auc": 0.95233}
{"epoch": 2, "time_epoch": 78.33406, "eta": 3737.65099, "eta_hours": 1.03824, "loss": 0.18918826, "lr": 0.01, "params": 316601, "time_iter": 0.32639, "accuracy": 0.9253, "precision": 0.94181, "recall": 0.96483, "f1": 0.95318, "auc": 0.96404}
{"epoch": 3, "time_epoch": 78.27957, "eta": 3643.80992, "eta_hours": 1.01217, "loss": 0.17763758, "lr": 0.01, "params": 316601, "time_iter": 0.32616, "accuracy": 0.93003, "precision": 0.94611, "recall": 0.96626, "f1": 0.95608, "auc": 0.96839}
{"epoch": 4, "time_epoch": 78.30684, "eta": 3556.43885, "eta_hours": 0.9879, "loss": 0.16989637, "lr": 0.01, "params": 316601, "time_iter": 0.32628, "accuracy": 0.93315, "precision": 0.949, "recall": 0.96715, "f1": 0.95799, "auc": 0.97118}
{"epoch": 5, "time_epoch": 78.3814, "eta": 3472.63602, "eta_hours": 0.96462, "loss": 0.16547439, "lr": 0.01, "params": 316601, "time_iter": 0.32659, "accuracy": 0.93499, "precision": 0.9505, "recall": 0.96791, "f1": 0.95913, "auc": 0.97261}
{"epoch": 6, "time_epoch": 78.30468, "eta": 3389.91087, "eta_hours": 0.94164, "loss": 0.15881075, "lr": 0.01, "params": 316601, "time_iter": 0.32627, "accuracy": 0.93783, "precision": 0.95293, "recall": 0.96898, "f1": 0.96089, "auc": 0.97486}
{"epoch": 7, "time_epoch": 78.23875, "eta": 3307.94472, "eta_hours": 0.91887, "loss": 0.15499619, "lr": 0.01, "params": 316601, "time_iter": 0.32599, "accuracy": 0.93937, "precision": 0.95458, "recall": 0.96918, "f1": 0.96182, "auc": 0.97611}
{"epoch": 8, "time_epoch": 78.35538, "eta": 3227.33819, "eta_hours": 0.89648, "loss": 0.15299262, "lr": 0.01, "params": 316601, "time_iter": 0.32648, "accuracy": 0.94018, "precision": 0.95535, "recall": 0.9694, "f1": 0.96232, "auc": 0.97673}
{"epoch": 9, "time_epoch": 78.30758, "eta": 3146.99068, "eta_hours": 0.87416, "loss": 0.15038721, "lr": 0.01, "params": 316601, "time_iter": 0.32628, "accuracy": 0.94124, "precision": 0.95618, "recall": 0.96989, "f1": 0.96299, "auc": 0.9775}
{"epoch": 10, "time_epoch": 78.31814, "eta": 3067.0515, "eta_hours": 0.85196, "loss": 0.14896621, "lr": 0.01, "params": 316601, "time_iter": 0.32633, "accuracy": 0.94192, "precision": 0.95694, "recall": 0.96994, "f1": 0.9634, "auc": 0.97796}
{"epoch": 11, "time_epoch": 78.37691, "eta": 2987.56859, "eta_hours": 0.82988, "loss": 0.14674082, "lr": 0.01, "params": 316601, "time_iter": 0.32657, "accuracy": 0.94264, "precision": 0.9575, "recall": 0.97028, "f1": 0.96385, "auc": 0.97867}
{"epoch": 12, "time_epoch": 78.28637, "eta": 2907.99817, "eta_hours": 0.80778, "loss": 0.14529466, "lr": 0.01, "params": 316601, "time_iter": 0.32619, "accuracy": 0.94324, "precision": 0.95809, "recall": 0.97043, "f1": 0.96422, "auc": 0.9791}
{"epoch": 13, "time_epoch": 78.3024, "eta": 2828.65239, "eta_hours": 0.78574, "loss": 0.14372183, "lr": 0.01, "params": 316601, "time_iter": 0.32626, "accuracy": 0.94383, "precision": 0.9588, "recall": 0.97043, "f1": 0.96458, "auc": 0.97958}
{"epoch": 14, "time_epoch": 78.39286, "eta": 2749.65682, "eta_hours": 0.76379, "loss": 0.14360533, "lr": 0.01, "params": 316601, "time_iter": 0.32664, "accuracy": 0.94393, "precision": 0.95879, "recall": 0.97057, "f1": 0.96464, "auc": 0.97963}
{"epoch": 15, "time_epoch": 78.27194, "eta": 2670.47962, "eta_hours": 0.7418, "loss": 0.13524497, "lr": 0.005, "params": 316601, "time_iter": 0.32613, "accuracy": 0.94733, "precision": 0.96189, "recall": 0.97167, "f1": 0.96676, "auc": 0.98203}
{"epoch": 16, "time_epoch": 78.39352, "eta": 2591.64492, "eta_hours": 0.7199, "loss": 0.13345453, "lr": 0.005, "params": 316601, "time_iter": 0.32664, "accuracy": 0.94807, "precision": 0.96251, "recall": 0.97196, "f1": 0.96721, "auc": 0.98253}
{"epoch": 17, "time_epoch": 78.39025, "eta": 2512.85344, "eta_hours": 0.69801, "loss": 0.13219106, "lr": 0.005, "params": 316601, "time_iter": 0.32663, "accuracy": 0.94853, "precision": 0.96298, "recall": 0.97206, "f1": 0.9675, "auc": 0.98287}
{"epoch": 18, "time_epoch": 78.37921, "eta": 2434.08617, "eta_hours": 0.67614, "loss": 0.13142139, "lr": 0.005, "params": 316601, "time_iter": 0.32658, "accuracy": 0.94888, "precision": 0.96321, "recall": 0.97227, "f1": 0.96772, "auc": 0.98309}
{"epoch": 19, "time_epoch": 78.4329, "eta": 2355.43825, "eta_hours": 0.65429, "loss": 0.13044247, "lr": 0.005, "params": 316601, "time_iter": 0.3268, "accuracy": 0.94922, "precision": 0.96367, "recall": 0.97222, "f1": 0.96793, "auc": 0.98336}
{"epoch": 20, "time_epoch": 78.35356, "eta": 2276.70124, "eta_hours": 0.63242, "loss": 0.12939149, "lr": 0.005, "params": 316601, "time_iter": 0.32647, "accuracy": 0.94969, "precision": 0.96402, "recall": 0.97245, "f1": 0.96822, "auc": 0.98363}
{"epoch": 21, "time_epoch": 78.35366, "eta": 2197.99922, "eta_hours": 0.61056, "loss": 0.12907546, "lr": 0.005, "params": 316601, "time_iter": 0.32647, "accuracy": 0.94986, "precision": 0.96421, "recall": 0.97247, "f1": 0.96832, "auc": 0.98373}
{"epoch": 22, "time_epoch": 78.40832, "eta": 2119.39166, "eta_hours": 0.58872, "loss": 0.12880829, "lr": 0.005, "params": 316601, "time_iter": 0.3267, "accuracy": 0.94991, "precision": 0.96437, "recall": 0.97237, "f1": 0.96835, "auc": 0.98382}
{"epoch": 23, "time_epoch": 78.29389, "eta": 2040.67673, "eta_hours": 0.56685, "loss": 0.12809389, "lr": 0.005, "params": 316601, "time_iter": 0.32622, "accuracy": 0.95023, "precision": 0.9646, "recall": 0.97254, "f1": 0.96855, "auc": 0.98398}
{"epoch": 24, "time_epoch": 78.33886, "eta": 1962.04046, "eta_hours": 0.54501, "loss": 0.12716048, "lr": 0.005, "params": 316601, "time_iter": 0.32641, "accuracy": 0.95059, "precision": 0.96487, "recall": 0.97272, "f1": 0.96878, "auc": 0.98422}
{"epoch": 25, "time_epoch": 78.30277, "eta": 1883.39375, "eta_hours": 0.52316, "loss": 0.12229332, "lr": 0.0025, "params": 316601, "time_iter": 0.32626, "accuracy": 0.95257, "precision": 0.96665, "recall": 0.9734, "f1": 0.97001, "auc": 0.98546}
{"epoch": 26, "time_epoch": 78.28589, "eta": 1804.75814, "eta_hours": 0.50132, "loss": 0.12100958, "lr": 0.0025, "params": 316601, "time_iter": 0.32619, "accuracy": 0.95324, "precision": 0.9672, "recall": 0.97368, "f1": 0.97043, "auc": 0.98577}
{"epoch": 27, "time_epoch": 78.3232, "eta": 1726.17682, "eta_hours": 0.47949, "loss": 0.12034662, "lr": 0.0025, "params": 316601, "time_iter": 0.32635, "accuracy": 0.95343, "precision": 0.96733, "recall": 0.97379, "f1": 0.97055, "auc": 0.98594}
{"epoch": 28, "time_epoch": 78.1973, "eta": 1647.52214, "eta_hours": 0.45765, "loss": 0.1199776, "lr": 0.0025, "params": 316601, "time_iter": 0.32582, "accuracy": 0.95357, "precision": 0.96752, "recall": 0.97378, "f1": 0.97064, "auc": 0.98602}
{"epoch": 29, "time_epoch": 78.20108, "eta": 1568.90047, "eta_hours": 0.43581, "loss": 0.11985913, "lr": 0.0025, "params": 316601, "time_iter": 0.32584, "accuracy": 0.95364, "precision": 0.96765, "recall": 0.97373, "f1": 0.97068, "auc": 0.98607}
{"epoch": 30, "time_epoch": 78.14952, "eta": 1490.27433, "eta_hours": 0.41397, "loss": 0.11905694, "lr": 0.0025, "params": 316601, "time_iter": 0.32562, "accuracy": 0.95388, "precision": 0.96784, "recall": 0.97384, "f1": 0.97083, "auc": 0.98625}
{"epoch": 31, "time_epoch": 78.232, "eta": 1411.72437, "eta_hours": 0.39215, "loss": 0.11856029, "lr": 0.0025, "params": 316601, "time_iter": 0.32597, "accuracy": 0.95408, "precision": 0.96797, "recall": 0.97396, "f1": 0.97096, "auc": 0.98638}
{"epoch": 32, "time_epoch": 78.46035, "eta": 1333.31132, "eta_hours": 0.37036, "loss": 0.11826512, "lr": 0.0025, "params": 316601, "time_iter": 0.32692, "accuracy": 0.95419, "precision": 0.96808,